item_url,item_name
almonds.jpg,Almonds
artichoke_and_roasted_red_pepper_frittata.jpg,Artichoke and Roasted Red Pepper Frittata
artichoke.jpg,Artichoke
asian_noodle_salad.jpg,Asian Noodle Salad
asparagus_and_portobella_salad.jpg,Asparagus and Portobella Salad
avocado_vinaigrette_dressing.jpg,Avocado Vinaigrette Dressing
balsamic_dressing.jpg,Balsamic Dressing
balsamic_green_bean_and_mushroom.jpg,Balsamic Green Bean and Mushroom
balsamic_vinaigrette.jpg,Balsamic Vinaigrette
biscuits.jpg,Biscuits
blue_cheese_dressing.jpg,Blue Cheese Dressing
blue_cheese.jpg,Blue Cheese
braggs_aminos.jpg,Braggs Aminos
breakfast_potatoes.jpg,Breakfast Potatoes
brown_rice.jpg,Brown Rice
buffalo_wings.jpg,Buffalo Wings
bulgar_cranberry_leek_salad.jpg,Bulgar Cranberry Leek Salad
butternut_posole.jpg,Butternut Posole
cabbage_crunch.jpg,Cabbage Crunch
caesar_dressing.jpg,Caesar Dressing
california_quinoa_salad.jpg,California Quinoa Salad
caprese_baguette.jpg,Caprese Baguette
carmens_spicy_vegan_vermicelli_noodle_salad.jpg,Carmens Spicy Vegan Vermicelli Noodle Salad
carnitas.jpg,Carnitas
carrot_cupcake.jpg,Carrot Cupcake
cashew_nuts.jpg,Cashew Nuts
chicken_chill_verde.jpg,Chicken Chill Verde
chicken_noodle_soup.jpg,Chicken Noodle Soup
chicken_pot_pie.jpg,Chicken Pot Pie
chicken_tortilla_soup.jpg,Chicken Tortilla Soup
chilaquilles.jpg,Chilaquilles
chocolate_filled_cupcake_with_chocolate_filling.jpg,Chocolate Filled Cupcake With Chocolate Filling
chocolate_filled_cupcake_with_vanilla_filling.jpg,Chocolate Filled Cupcake With Vanilla Filling
cilantro_rice.jpg,Cilantro Rice
cilantro.jpg,Cilantro
corn_and_black_bean_salad.jpg,Corn and Black Bean Salad
crab_cakes.jpg,Crab Cakes
cream_puff.jpg,Cream Puff
creamy_tomato_soup.jpg,Creamy Tomato Soup
creme_brulee_french_toast.jpg,Creme Brulee French Toast
denver_eggs.jpg,Denver Eggs
dried_sweetened_cranberry.jpg,Dried Sweetened Cranberry
elizabeths_garden_pasta_salad.jpg,Elizabeths Garden Pasta Salad
fresh_fruit.jpg,Fresh Fruit
fried_chicken.jpg,Fried Chicken
fusili_al_pesto_100_percent_whole_wheat_community_grains.jpg,Fusili Al Pesto 100 Percent Whole Wheat Community Grains
gaucho_beef_steak.jpg,Gaucho Beef Steak
gravy.jpg,Gravy
grilled_chicken_breast.jpg,Grilled Chicken Breast
grilled_chicken.jpg,Grilled Chicken
grilled_lemon_herb_chicken_breast.jpg,Grilled Lemon Herb Chicken Breast
grilled_salmon.jpg,Grilled Salmon
grilled_tofu.jpg,Grilled Tofu
grilled_vegetable_lasagna.jpg,Grilled Vegetable Lasagna
grilled_vegetables.jpg,Grilled Vegetables
guacamole.jpg,Guacamole
hard_boiled_eggs.jpg,Hard Boiled Eggs
hemp_milk.jpg,Hemp Milk
herbal_tofu_cous_cous_w_carrot.jpg,Herbal Tofu Cous Cous W Carrot
herbal_tofu_dill_pasta_salad.jpg,Herbal Tofu Dill Pasta Salad
hot_sauce.jpg,Hot Sauce
italian_hero_maybe.jpg,Italian Hero Maybe
italian_hero.jpg,Italian Hero
jacks_meatloaf.jpg,Jacks Meatloaf
jalapeno.jpg,Jalapeno
kale_and_crimini_salad.jpg,Kale and Crimini Salad
kale_and_seaweed_salad.jpg,Kale and Seaweed Salad
kale_slaw.jpg,Kale Slaw
key_lime_bar.jpg,Key Lime Bar
lemon_bar.jpg,Lemon Bar
lemon_quinoa.jpg,Lemon Quinoa
lime_juice.jpg,Lime Juice
mama_mancini_beef_meatballs.jpg,Mama Mancini Beef Meatballs
mama_mancini_turkey_meatball.jpg,Mama Mancini Turkey Meatball
mango_quinoa.jpg,Mango Quinoa
maple_cream_pie.jpg,Maple Cream Pie
mediterannean_chicken_sandwich.jpg,Mediterannean Chicken Sandwich
mediterranean_crunch.jpg,Mediterranean Crunch
mini_chocolate_eruption_cake.jpg,Mini Chocolate Eruption Cake
mini_cupcakes.jpg,Mini Cupcakes
mini_peary_berry_rosemary_cake.jpg,Mini Peary Berry Rosemary Cake
mini_tiramisu.jpg,Mini Tiramisu
mini_vegan_chocolate_mousse_cake.jpg,Mini Vegan Chocolate Mousse Cake
mixed_cheese.jpg,Mixed Cheese
morrocan_carrot_salad.jpg,Morrocan Carrot Salad
new_england_clam_chowder.jpg,New England Clam Chowder
olive_oil.jpg,Olive Oil
organic_black_beans.jpg,Organic Black Beans
organic_broccoli.jpg,Organic Broccoli
organic_cabbage.jpg,Organic Cabbage
organic_carrot.jpg,Organic Carrot
organic_cauliflower.jpg,Organic Cauliflower
organic_celery.jpg,Organic Celery
organic_corn.jpg,Organic Corn
organic_field_greens.jpg,Organic Field Greens
organic_garbonzo_beans.jpg,Organic Garbonzo Beans
organic_italian_dressing.jpg,Organic Italian Dressing
organic_kidney_beans.jpg,Organic Kidney Beans
organic_onion.jpg,Organic Onion
organic_peas.jpg,Organic Peas
organic_radicchio.jpg,Organic Radicchio
organic_romaine.jpg,Organic Romaine
organic_spinach.jpg,Organic Spinach
organic_thousand_island_dressing.jpg,Organic Thousand Island Dressing
organic_tomato.jpg,Organic Tomato
paper_towels.jpg,Paper Towels
pecans.jpg,Pecans
peppered_turkey_breast.jpg,Peppered Turkey Breast
pinto_beans.jpg,Pinto Beans
pork_sausage.jpg,Pork Sausage
prosciutto_baguette.jpg,Prosciutto Baguette
pulled_chicken.jpg,Pulled Chicken
raisins.jpg,Raisins
randu_dressing.jpg,Randu Dressing
red_onion.jpg,Red Onion
red_wine_vinegar.jpg,Red Wine Vinegar
roast_beef_and_cheese_sandwich.jpg,Roast Beef and Cheese Sandwich
roast_pepper_and_corn_soup.jpg,Roast Pepper and Corn Soup
roasted_vegetables_provencal.jpg,Roasted Vegetables Provencal
salami_baguette.jpg,Salami Baguette
salmon_cakes.jpg,Salmon Cakes
salsa_cruda.jpg,Salsa Cruda
scallion.jpg,Scallion
scrambled_eggs.jpg,Scrambled Eggs
seasonal_fruit.jpg,Seasonal Fruit
sesame_ginger_dressing.jpg,Sesame Ginger Dressing
sesame_orange_chicken.jpg,Sesame Orange Chicken
signature_sandwich_No_1_golden_gate.jpg,Signature Sandwich No 1 Golden Gate
small_container.jpg,Small Container
small_fresh_fruit_tart.jpg,Small Fresh Fruit Tart
small_key_lime_tart.jpg,Small Key Lime Tart
small_lemon_meringue_tart.jpg,Small Lemon Meringue Tart
small_seasonal_fresh_frangipane_tart.jpg,Small Seasonal Fresh Frangipane Tart
smoked_pork_ribs_half_rack.jpg,Smoked Pork Ribs Half Rack
sour_cream.jpg,Sour Cream
spanish_rice.jpg,Spanish Rice
spicy_chicken_wings.jpg,Spicy Chicken Wings
steamed_beets.jpg,Steamed Beets
sweet_petites.jpg,Sweet Petites
tabouleh.jpg,Tabouleh
taco_salad.jpg,Taco Salad
tater_puffs.jpg,Tater Puffs
tofu_scamble.jpg,Tofu Scamble
tomato_ketchup.jpg,Tomato Ketchup
tortillas.jpg,Tortillas
traditional_lasagne.jpg,Traditional Lasagne
turkey_apricot_stew.jpg,Turkey Apricot Stew
turkey_baguette.jpg,Turkey Baguette
turkey_meatloaf.jpg,Turkey Meatloaf
turkey_pot_pie.jpg,Turkey Pot Pie
twice_baked_potato_florentine.jpg,Twice Baked Potato Florentine
vegan_chocolate_cupcake.jpg,Vegan Chocolate Cupcake
vegan_soyrizo_hash.jpg,Vegan Soyrizo Hash
vegetarian_omolettes.jpg,Vegetarian Omolettes
walnuts.jpg,Walnuts
white_bean_and_kale_soup.jpg,White Bean and Kale Soup
yoghurt.jpg,Yoghurt
zuchini_chickpea_quinoa.jpg,Zuchini Chickpea Quinoa